,Id,SalePrice,PredSalePrice,,,
0,1461,169277.0525,104572.62,,,
1,1462,187758.394,153977.25,,,
2,1463,183583.6836,185372.62,,,
3,1464,179317.4775,195092.75,,,
4,1465,150730.08,214449.25,,,
5,1466,177150.9892,172624.75,,,
6,1467,172070.6592,165939.88,,,
7,1468,175110.9565,162887.75,,,
8,1469,162011.6988,211178.75,,,
9,1470,160726.2478,117938.62,,,
10,1471,157933.2795,152455.75,,,
11,1472,145291.245,94221.38,,,
12,1473,159672.0176,95547.25,,,
13,1474,164167.5183,144129.75,,,
14,1475,150891.6382,101858.75,,,
15,1476,179460.9652,384084.25,,,
16,1477,185034.6289,263966.75,,,
17,1478,182352.1926,302374.75,,,
18,1479,183053.4582,324256.25,,,
19,1480,187823.3393,474866.75,,,
20,1481,186544.1143,326960.75,,,
21,1482,158230.7752,219642.25,,,
22,1483,190552.8293,174119.75,,,
23,1484,147183.6749,166995.75,,,
24,1485,185855.3009,176473.25,,,
25,1486,174350.4707,190429.25,,,
26,1487,201740.6207,366289.75,,,
27,1488,162986.3789,228878.25,,,
28,1489,162330.1991,204478.75,,,
29,1490,165845.9386,243264.75,,,
30,1491,180929.6229,199069.25,,,
31,1492,163481.5015,97681.25,,,
32,1493,187798.0767,211066.25,,,
33,1494,198822.1989,308111.25,,,
34,1495,194868.4099,298051.25,,,
35,1496,152605.2986,242224.75,,,
36,1497,147797.7028,184389.25,,,
37,1498,150521.969,180717.12,,,
38,1499,146991.6302,165393.75,,,
39,1500,150306.3078,154877.75,,,
40,1501,151164.3725,178172.25,,,
41,1502,151133.707,141005.25,,,
42,1503,156214.0425,273483.75,,,
43,1504,171992.7607,238227.25,,,
44,1505,173214.9125,223522.25,,,
45,1506,192429.1873,207256.25,,,
46,1507,190878.6951,261233.75,,,
47,1508,194542.5441,203682.25,,,
48,1509,191849.4391,171451.62,,,
49,1510,176363.7739,146964.25,,,
50,1511,176954.1854,152943.62,,,
51,1512,176521.217,164482.62,,,
52,1513,179436.7048,149984.75,,,
53,1514,220079.7568,148279.38,,,
54,1515,175502.9181,205393.62,,,
55,1516,188321.0738,151075.75,,,
56,1517,163276.3245,177940.5,,,
57,1518,185911.3663,128204.75,,,
58,1519,171392.831,206156.88,,,
59,1520,174418.207,125493.62,,,
60,1521,179682.7096,135856.25,,,
61,1522,179423.7516,190731.12,,,
62,1523,171756.9181,119484.75,,,
63,1524,166849.6382,114212.25,,,
64,1525,181122.1687,116506.12,,,
65,1526,170934.4627,98862.88,,,
66,1527,159738.2926,104550.5,,,
67,1528,174445.7596,123774.62,,,
68,1529,174706.3637,160264.75,,,
69,1530,164507.6725,183576.25,,,
70,1531,163602.5122,127906.5,,,
71,1532,154126.2702,79761.12,,,
72,1533,171104.8535,155904.25,,,
73,1534,167735.3927,123091.25,,,
74,1535,183003.6133,148153.25,,,
75,1536,172580.3812,94345.25,,,
76,1537,165407.8891,58781.88,,,
77,1538,176363.7739,144290.38,,,
78,1539,175182.9509,205619.5,,,
79,1540,190757.1778,140125.62,,,
80,1541,167186.9958,146177.25,,,
81,1542,167839.3768,169203.12,,,
82,1543,173912.4212,199095.25,,,
83,1544,154034.9174,68244.88,,,
84,1545,156002.9558,111933.25,,,
85,1546,168173.9433,149760.25,,,
86,1547,168882.4371,139156.25,,,
87,1548,168173.9433,146560.25,,,
88,1549,157580.1776,122366.25,,,
89,1550,181922.1526,150302.12,,,
90,1551,155134.2278,103436.25,,,
91,1552,188885.5733,165642.62,,,
92,1553,183963.193,141717.5,,,
93,1554,161298.7623,117332.62,,,
94,1555,188613.6676,166643.75,,,
95,1556,175080.1118,63541.88,,,
96,1557,174744.4003,111567.88,,,
97,1558,168175.9113,101419.12,,,
98,1559,182333.4726,86242.62,,,
99,1560,158307.2067,120210.12,,,
100,1561,193053.0555,141661.25,,,
101,1562,175031.09,140128.25,,,
102,1563,160713.2946,125443.25,,,
103,1564,173186.215,159552.75,,,
104,1565,191736.7598,170536.62,,,
105,1566,170401.631,232726.25,,,
106,1567,164626.5779,83474.5,,,
107,1568,205469.4094,230705.75,,,
108,1569,209561.7842,151796,,,
109,1570,182271.5031,133073.62,,,
110,1571,178081.5494,102336.88,,,
111,1572,178425.9561,140530.75,,,
112,1573,162015.3185,250323.5,,,
113,1574,181722.4204,152033.38,,,
114,1575,156705.7302,246417.88,,,
115,1576,182902.4203,212695.75,,,
116,1577,157574.5954,195529.25,,,
117,1578,184380.7391,156000.5,,,
118,1579,169364.4692,144289.62,,,
119,1580,175846.1798,199250.25,,,
120,1581,189673.2953,137186.62,,,
121,1582,174401.3177,138127.12,,,
122,1583,179021.4487,260458.25,,,
123,1584,189196.8453,224229.75,,,
124,1585,139647.0957,131603.75,,,
125,1586,161468.1983,70309.88,,,
126,1587,171557.3232,103009.25,,,
127,1588,179447.368,172008.12,,,
128,1589,169611.619,88828.12,,,
129,1590,172088.8727,128693.25,,,
130,1591,171190.6241,98173.12,,,
131,1592,154850.5084,130191.12,,,
132,1593,158617.6557,122840.25,,,
133,1594,209258.3369,8.40351E+14,,,
134,1595,177939.0276,131261.5,,,
135,1596,194631.1003,258064.75,,,
136,1597,213618.8716,221403.25,,,
137,1598,198342.5042,213917.75,,,
138,1599,138607.9715,185161.75,,,
139,1600,150778.959,173149.75,,,
140,1601,146966.2303,58592.25,,,
141,1602,162182.5962,131213.12,,,
142,1603,176825.941,62374,,,
143,1604,152799.8124,272060.75,,,
144,1605,180322.3221,226485.75,,,
145,1606,177508.0272,147286.88,,,
146,1607,208029.6427,161931.62,,,
147,1608,181987.2825,216353.75,,,
148,1609,160172.728,182314.75,,,
149,1610,176761.3177,145911.25,,,
150,1611,176515.4975,137472.75,,,
151,1612,176270.4531,196601.25,,,
152,1613,183050.8463,162263.75,,,
153,1614,150011.1021,131551.25,,,
154,1615,159270.5378,90125.25,,,
155,1616,163419.6637,81149.25,,,
156,1617,163399.9833,86282.75,,,
157,1618,173364.1615,138050.62,,,
158,1619,169556.8359,129241.62,,,
159,1620,183690.596,164631,,,
160,1621,176980.9149,132566.62,,,
161,1622,204773.3622,147386.75,,,
162,1623,174728.656,256697.12,,,
163,1624,181873.4582,201407.75,,,
164,1625,177322.0008,116070.75,,,
165,1626,193927.939,161715.25,,,
166,1627,181715.6227,191320.75,,,
167,1628,199270.8412,287153.25,,,
168,1629,177109.59,188413,,,
169,1630,153909.5783,353132.75,,,
170,1631,162931.2033,265518.75,,,
171,1632,166386.7567,249121.25,,,
172,1633,173719.3038,170097.25,,,
173,1634,179757.9257,189616.75,,,
174,1635,179007.602,176257.75,,,
175,1636,180370.8086,157929.75,,,
176,1637,185102.6167,197311.75,,,
177,1638,198825.5635,182087.38,,,
178,1639,184294.576,180842.25,,,
179,1640,200443.7921,246839.75,,,
180,1641,181294.7845,190124.75,,,
181,1642,174354.3363,260688.25,,,
182,1643,172023.6778,225677.75,,,
183,1644,181666.9229,245714.25,,,
184,1645,179024.4913,177136.25,,,
185,1646,178324.1916,159325.62,,,
186,1647,184534.6767,165448.75,,,
187,1648,159397.2504,128892.38,,,
188,1649,178430.9667,129474.75,,,
189,1650,177743.7994,101320.75,,,
190,1651,179395.3055,121350.62,,,
191,1652,151713.3847,98915.25,,,
192,1653,151713.3847,92185.25,,,
193,1654,168434.978,153792.75,,,
194,1655,153999.1003,127548.25,,,
195,1656,164096.0974,151166.75,,,
196,1657,166335.403,163087.25,,,
197,1658,163020.7254,156444.75,,,
198,1659,155862.5107,121202.75,,,
199,1660,182760.6511,148866,,,
200,1661,201912.2706,410267.25,,,
201,1662,185988.234,393709.75,,,
202,1663,183778.4489,387732.25,,,
203,1664,170935.8592,466886.75,,,
204,1665,184468.9084,343396.25,,,
205,1666,191569.0897,331540.75,,,
206,1667,232991.0256,385949.12,,,
207,1668,180980.7214,375178,,,
208,1669,164279.1305,324162.75,,,
209,1670,183859.4604,361250.75,,,
210,1671,185922.4657,263136.75,,,
211,1672,191742.7781,391658.62,,,
212,1673,199954.0725,293861.25,,,
213,1674,180690.2748,253318.25,,,
214,1675,163099.3096,205222.25,,,
215,1676,140791.9225,202498.25,,,
216,1677,166481.8665,209354.25,,,
217,1678,172080.4345,445112.88,,,
218,1679,191719.1617,388610.75,,,
219,1680,160741.0986,346740.25,,,
220,1681,157829.5469,283376.25,,,
221,1682,196896.7486,322394.25,,,
222,1683,159675.424,198911.25,,,
223,1684,182084.7909,169248.75,,,
224,1685,179233.9264,175692.75,,,
225,1686,155774.2709,173788.75,,,
226,1687,181354.3267,161837.25,,,
227,1688,179605.5637,185301.25,,,
228,1689,181609.3487,188716.62,,,
229,1690,178221.5316,188960.75,,,
230,1691,175559.9207,178693.75,,,
231,1692,200328.8228,262725.25,,,
232,1693,178630.0606,175032.25,,,
233,1694,177174.5352,184436.75,,,
234,1695,172515.6874,162958.75,,,
235,1696,204032.9929,270274.25,,,
236,1697,176023.2328,165453.25,,,
237,1698,202202.0733,350927.75,,,
238,1699,181734.4801,342128.75,,,
239,1700,183982.159,282165.75,,,
240,1701,188007.9424,289999.25,,,
241,1702,185922.9668,218489.25,,,
242,1703,183978.5449,206148.75,,,
243,1704,177199.6186,262230.25,,,
244,1705,181878.648,257228.75,,,
245,1706,173622.0887,399324.12,,,
246,1707,180728.1686,241589.25,,,
247,1708,176477.0266,206025.25,,,
248,1709,184282.2667,252350.25,,,
249,1710,162062.4754,235970.25,,,
250,1711,182550.071,280204.75,,,
251,1712,180987.9496,262630.25,,,
252,1713,178173.7976,271376.25,,,
253,1714,179980.6359,225685.25,,,
254,1715,173257.6378,217217.25,,,
255,1716,177271.2911,180681.75,,,
256,1717,175338.3554,183221.75,,,
257,1718,177548.1405,158354.25,,,
258,1719,175969.9166,226093.75,,,
259,1720,175011.482,246629.25,,,
260,1721,185199.3726,147040.25,,,
261,1722,188514.0502,124150.25,,,
262,1723,185080.1453,150412.25,,,
263,1724,157304.4026,218510.75,,,
264,1725,194260.8595,252851.25,,,
265,1726,181262.33,195465.25,,,
266,1727,157003.2927,157005.25,,,
267,1728,182924.4994,159957.25,,,
268,1729,181902.5864,179070.25,,,
269,1730,188985.3717,167380.75,,,
270,1731,185290.9045,114179.12,,,
271,1732,177304.4258,131367.25,,,
272,1733,166274.9005,114558.75,,,
273,1734,177807.4205,114044.5,,,
274,1735,180330.6248,103008.62,,,
275,1736,179069.1122,99882.75,,,
276,1737,175943.3718,285222.12,,,
277,1738,185199.0506,259143.12,,,
278,1739,167350.9108,264954.25,,,
279,1740,149315.3119,223194.25,,,
280,1741,139010.8478,189564.75,,,
281,1742,155412.1518,176908.25,,,
282,1743,171308.314,173960.25,,,
283,1744,176220.5433,369958.75,,,
284,1745,177643.435,240157.25,,,
285,1746,187222.6533,223109.88,,,
286,1747,185635.1321,209347.25,,,
287,1748,206492.5342,230835.25,,,
288,1749,181681.0211,157512,,,
289,1750,180500.1981,134908.75,,,
290,1751,206486.1709,243095.25,,,
291,1752,161334.3012,98744.12,,,
292,1753,176156.5583,160854.88,,,
293,1754,191642.2235,202822.5,,,
294,1755,191945.808,172609.25,,,
295,1756,164146.306,117645.62,,,
296,1757,179883.0571,117099.25,,,
297,1758,178071.1377,153645.12,,,
298,1759,188241.6379,160118.25,,,
299,1760,174559.6562,165019.12,,,
300,1761,182347.363,148746.5,,,
301,1762,191507.2519,205868.62,,,
302,1763,199751.8656,198679.25,,,
303,1764,162106.4161,119516.12,,,
304,1765,164575.9823,179488.12,,,
305,1766,179176.3522,170023.62,,,
306,1767,177327.4039,209192.12,,,
307,1768,177818.0838,128854.25,,,
308,1769,186965.204,172895.75,,,
309,1770,178762.7422,136501.75,,,
310,1771,183322.8661,133305.75,,,
311,1772,178903.2959,147361.12,,,
312,1773,186570.1294,118827.62,,,
313,1774,199144.2428,159800,,,
314,1775,172154.7133,146750.75,,,
315,1776,177444.0192,118207.25,,,
316,1777,166200.9381,103432.25,,,
317,1778,158995.7706,136499.62,,,
318,1779,168273.2825,132028,,,
319,1780,189680.4531,162413.12,,,
320,1781,181681.0211,133466.12,,,
321,1782,160277.1426,77866.5,,,
322,1783,197318.5472,142268.25,,,
323,1784,162228.9356,89834.5,,,
324,1785,187340.4555,137660.88,,,
325,1786,181065.347,182932.25,,,
326,1787,190233.6091,147620.25,,,
327,1788,157929.5949,36093.5,,,
328,1789,168557.0019,94923.5,,,
329,1790,160805.5846,71441.25,,,
330,1791,221648.392,207438.25,,,
331,1792,180539.8808,152986.12,,,
332,1793,182105.6163,116733.12,,,
333,1794,166380.8526,155644,,,
334,1795,178942.1556,136851.25,,,
335,1796,162804.7478,127627.75,,,
336,1797,183077.6844,113243.5,,,
337,1798,171728.472,131811.62,,,
338,1799,164786.7415,96457.25,,,
339,1800,177427.2672,141179.62,,,
340,1801,197318.5472,122545.25,,,
341,1802,178658.1142,131145.5,,,
342,1803,185437.3205,164776.75,,,
343,1804,169759.6525,110391.75,,,
344,1805,173986.6351,125192.25,,,
345,1806,168607.6643,123995.5,,,
346,1807,194138.5191,137836.25,,,
347,1808,192502.4409,115875.12,,,
348,1809,176746.9698,121780.5,,,
349,1810,177604.8917,142438.12,,,
350,1811,193283.7466,90115.5,,,
351,1812,181627.061,119016.5,,,
352,1813,169071.6203,165935.12,,,
353,1814,167398.0065,99826.5,,,
354,1815,150106.5051,54795.25,,,
355,1816,159650.3043,81256.62,,,
356,1817,179471.236,125509.5,,,
357,1818,177109.59,184440.25,,,
358,1819,166558.1133,155242,,,
359,1820,153796.7143,33989.5,,,
360,1821,174520.1526,123242.62,,,
361,1822,196297.9583,161124.12,,,
362,1823,169100.6816,14598.62,,,
363,1824,176911.3192,132718.38,,,
364,1825,169234.6455,148715.5,,,
365,1826,172386.2979,114442.75,,,
366,1827,156031.9048,111669.25,,,
367,1828,168202.8923,129462,,,
368,1829,166505.984,136644,,,
369,1830,176507.3702,150299.5,,,
370,1831,180116.7526,154428.25,,,
371,1832,183072.7406,44381.38,,,
372,1833,189595.9647,156738.62,,,
373,1834,167523.9191,123431.75,,,
374,1835,210817.7759,137946.5,,,
375,1836,172942.9308,143705,,,
376,1837,145286.2781,70943.75,,,
377,1838,176468.6534,116089.25,,,
378,1839,159040.0696,114937.75,,,
379,1840,178518.2043,140503.25,,,
380,1841,169163.9808,121907.25,,,
381,1842,189786.6853,72616.5,,,
382,1843,181246.7285,134619.88,,,
383,1844,176349.9272,170729.25,,,
384,1845,205266.631,158498.75,,,
385,1846,187397.9934,159908.12,,,
386,1847,208943.4277,175420.75,,,
387,1848,165014.5329,46279.5,,,
388,1849,182492.0376,107845.5,,,
389,1850,161718.7126,113926.12,,,
390,1851,180084.1189,149045.25,,,
391,1852,178534.9508,122544.62,,,
392,1853,151217.26,117943.75,,,
393,1854,156342.7176,157415.75,,,
394,1855,188511.4438,161464.5,,,
395,1856,183570.3379,222639.12,,,
396,1857,225810.1603,134770.75,,,
397,1858,214217.4011,168125.25,,,
398,1859,187665.641,111738.12,,,
399,1860,161157.1777,152956.25,,,
400,1861,187643.9926,117672.75,,,
401,1862,228156.3728,316993.25,,,
402,1863,220449.5347,307813.25,,,
403,1864,220522.3521,307813.25,,,
404,1865,156647.7635,370744.25,,,
405,1866,187388.8334,352364.25,,,
406,1867,178640.7238,216962.25,,,
407,1868,180847.2167,288086.25,,,
408,1869,159505.1705,200654.25,,,
409,1870,164305.538,212985.25,,,
410,1871,180181.1967,286404.75,,,
411,1872,184602.735,172464.75,,,
412,1873,193440.3722,231705.75,,,
413,1874,184199.7882,140828.25,,,
414,1875,196241.8929,182960.12,,,
415,1876,175588.6183,204538.25,,,
416,1877,179503.0465,202009.25,,,
417,1878,183658.0766,203277.12,,,
418,1879,193700.9763,145508.62,,,
419,1880,165399.6245,129628.75,,,
420,1881,186847.9448,241249.25,,,
421,1882,198127.7329,236582.75,,,
422,1883,183320.8981,191389.25,,,
423,1884,181613.6067,204565.25,,,
424,1885,178298.7918,221769.75,,,
425,1886,185733.534,289960.75,,,
426,1887,180008.1885,207521.75,,,
427,1888,175127.5962,239614.25,,,
428,1889,183467.1769,163577.25,,,
429,1890,182705.546,86282.12,,,
430,1891,152324.9436,121129.25,,,
431,1892,169878.516,98029.12,,,
432,1893,183735.9751,132774,,,
433,1894,224118.2801,131599.25,,,
434,1895,169355.2025,137606.75,,,
435,1896,180054.2764,136696.25,,,
436,1897,174081.602,111076.38,,,
437,1898,168494.985,88362,,,
438,1899,181871.5988,171121.25,,,
439,1900,173554.4897,146467.88,,,
440,1901,169805.3822,189216.62,,,
441,1902,176192.9907,183914.62,,,
442,1903,204264.3928,232556.25,,,
443,1904,169630.907,168789.5,,,
444,1905,185724.8388,201153.75,,,
445,1906,195699.0363,140669.75,,,
446,1907,189494.2762,211802.25,,,
447,1908,149607.9057,100602.62,,,
448,1909,154650.199,141479.12,,,
449,1910,151579.5581,125088.62,,,
450,1911,185147.3805,239385,,,
451,1912,196314.5312,324546.12,,,
452,1913,210802.3954,172700.25,,,
453,1914,166271.2864,21234.5,,,
454,1915,154865.3591,344164.25,,,
455,1916,173575.5053,69229.88,,,
456,1917,179399.5636,224830.25,,,
457,1918,164280.7766,128092.62,,,
458,1919,171247.4895,152309.62,,,
459,1920,166878.5872,167463.5,,,
460,1921,188129.4597,387478.75,,,
461,1922,183517.3437,344325.75,,,
462,1923,175522.0269,238950,,,
463,1924,190060.1053,224257.75,,,
464,1925,174179.8248,203837.88,,,
465,1926,171059.5237,378838.75,,,
466,1927,183004.1868,123007.62,,,
467,1928,183601.6474,166941.75,,,
468,1929,163539.3272,109691.12,,,
469,1930,164677.6764,138422.5,,,
470,1931,162395.0739,113128.62,,,
471,1932,182207.6323,129967.25,,,
472,1933,192223.9398,229070.12,,,
473,1934,176391.8294,187552.75,,,
474,1935,181913.1791,172701.25,,,
475,1936,179136.0979,217738.75,,,
476,1937,196595.5682,188824.75,,,
477,1938,194822.3657,170123.75,,,
478,1939,148356.6694,292707.75,,,
479,1940,160387.6043,207933.25,,,
480,1941,181276.5006,169350.62,,,
481,1942,192474.8179,166293.12,,,
482,1943,157699.9078,245687.25,,,
483,1944,215785.5408,419355.25,,,
484,1945,181824.301,428274.75,,,
485,1946,221813.0095,166927.5,,,
486,1947,165281.2926,342804.25,,,
487,1948,255629.4905,169052.12,,,
488,1949,173154.591,244352.25,,,
489,1950,183884.6525,178278.75,,,
490,1951,200210.3536,259559.75,,,
491,1952,186599.2213,205537.75,,,
492,1953,192718.5327,166218.62,,,
493,1954,178628.666,185890.75,,,
494,1955,180650.3424,137091.25,,,
495,1956,206003.1079,339528.12,,,
496,1957,166457.6784,168373.12,,,
497,1958,202916.2217,243459.62,,,
498,1959,192463.97,138039.25,,,
499,1960,171775.4972,101116.88,,,
500,1961,175249.2221,131871.25,,,
501,1962,147086.5989,89423.25,,,
502,1963,149709.6721,91395.25,,,
503,1964,171411.4045,112287.25,,,
504,1965,178188.9648,142392.25,,,
505,1966,156491.7114,142730.75,,,
506,1967,180953.2412,309125.25,,,
507,1968,203909.7591,410770.75,,,
508,1969,175470.1491,396546.75,,,
509,1970,205578.3336,409905.38,,,
510,1971,199428.8577,426739.25,,,
511,1972,187599.1639,362143.25,,,
512,1973,192265.1981,314053.25,,,
513,1974,196666.5549,353283.25,,,
514,1975,155537.8623,559405.25,,,
515,1976,169543.2406,268969.75,,,
516,1977,202487.0102,352225.75,,,
517,1978,208232.7163,364145.25,,,
518,1979,173621.1952,331792.25,,,
519,1980,172414.6086,222658.25,,,
520,1981,164400.7564,347541.75,,,
521,1982,160480.424,217128.75,,,
522,1983,156060.8538,213370.25,,,
523,1984,157437.1928,180021.75,,,
524,1985,158163.7209,221585.75,,,
525,1986,154849.0433,197511.25,,,
526,1987,152186.6093,212418.25,,,
527,1988,180340.2154,171432.75,,,
528,1989,178344.6245,188877.25,,,
529,1990,190170.3823,210105.25,,,
530,1991,168092.9755,220679.75,,,
531,1992,178757.9126,220698.25,,,
532,1993,174518.2569,167420.75,,,
533,1994,198168.4901,233013.25,,,
534,1995,176882.694,184025.25,,,
535,1996,183801.6729,278517.75,,,
536,1997,196400.0467,338689.75,,,
537,1998,172281.605,318693.75,,,
538,1999,196380.3663,325047.25,,,
539,2000,198228.3543,326795.25,,,
540,2001,195556.5813,355772.75,,,
541,2002,186453.2645,247256.75,,,
542,2003,181869.3812,241922.75,,,
543,2004,175610.8401,276010.25,,,
544,2005,183438.7308,239644.75,,,
545,2006,179584.4887,231590.75,,,
546,2007,182386.1522,247904.75,,,
547,2008,160750.3672,221421.25,,,
548,2009,182477.505,215109.25,,,
549,2010,187720.3592,192229.25,,,
550,2011,187201.9421,149474.25,,,
551,2012,176385.1022,181623.75,,,
552,2013,175901.7878,194877.25,,,
553,2014,182584.2802,194089.25,,,
554,2015,195664.6861,237925,,,
555,2016,181420.3465,203221.25,,,
556,2017,176676.05,204859.75,,,
557,2018,181594.6789,114673.88,,,
558,2019,178521.748,130710.25,,,
559,2020,175895.8837,75247.25,,,
560,2021,168468.0059,115186.75,,,
561,2022,200973.1294,227010.75,,,
562,2023,197030.642,159461.62,,,
563,2024,192867.4178,307234.25,,,
564,2025,196449.2476,378388.75,,,
565,2026,141684.1964,182185.25,,,
566,2027,153353.3341,156621.75,,,
567,2028,151143.549,156278.38,,,
568,2029,163753.0871,180191.25,,,
569,2030,158682.46,259887.75,,,
570,2031,144959.8353,227023.25,,,
571,2032,160144.3905,264643.75,,,
572,2033,156286.5343,247377.25,,,
573,2034,165726.7076,179544.25,,,
574,2035,182427.481,233860.75,,,
575,2036,173310.5615,194224.25,,,
576,2037,173310.5615,207411.62,,,
577,2038,151556.014,333479.75,,,
578,2039,158908.1461,244415.75,,,
579,2040,209834.3831,316002.12,,,
580,2041,192410.5166,1.11649E+15,,,
581,2042,174026.2473,213334.25,,,
582,2043,195499.8301,178912.25,,,
583,2044,200918.0188,183915.5,,,
584,2045,207243.616,213792.5,,,
585,2046,196149.7839,161346.62,,,
586,2047,192097.9149,135566.75,,,
587,2048,178570.9489,135623.25,,,
588,2049,228617.9683,146381.25,,,
589,2050,199929.8844,179454.75,,,
590,2051,160206.3656,91039.62,,,
591,2052,179854.4319,114230.5,,,
592,2053,185987.3405,142073.12,,,
593,2054,161122.5056,64427,,,
594,2055,175949.3427,158381.12,,,
595,2056,183683.5906,135778.25,,,
596,2057,176401.3476,102320.12,,,
597,2058,205832.5325,208574.12,,,
598,2059,177799.7998,142417.25,,,
599,2060,167565.3621,158495.25,,,
600,2061,186348.9584,158978.25,,,
601,2062,179782.7595,125560.25,,,
602,2063,169837.6233,116167.62,,,
603,2064,178817.2757,136851.25,,,
604,2065,174444.4791,121258.62,,,
605,2066,192834.9689,185037.5,,,
606,2067,196564.718,115281.75,,,
607,2068,206977.567,158055.25,,,
608,2069,157054.2539,67837.62,,,
609,2070,175142.9481,100186.25,,,
610,2071,159932.1644,79530.5,,,
611,2072,182801.4083,155538.62,,,
612,2073,181510.3752,115943.88,,,
613,2074,181613.0351,182646.12,,,
614,2075,186920.5126,182294.75,,,
615,2076,157950.1706,109133.38,,,
616,2077,176115.159,158817.25,,,
617,2078,182744.5143,136674.75,,,
618,2079,180660.6837,135082.62,,,
619,2080,160775.6298,114248.62,,,
620,2081,186711.7158,133872.5,,,
621,2082,223581.7582,144394.62,,,
622,2083,172330.9432,169543.25,,,
623,2084,163474.6334,98828.75,,,
624,2085,175308.2633,95380.88,,,
625,2086,187462.7253,97297.38,,,
626,2087,180655.1015,115347.25,,,
627,2088,152121.986,105788.5,,,
628,2089,159856.2339,87719.12,,,
629,2090,186559.8549,119731.75,,,
630,2091,183962.551,128356.5,,,
631,2092,162107.1687,119184.25,,,
632,2093,162582.289,140726.75,,,
633,2094,154407.7016,120829.5,,,
634,2095,181625.6664,178577,,,
635,2096,164810.6095,54860,,,
636,2097,176429.4012,102813.5,,,
637,2098,179188.0899,166357.75,,,
638,2099,145997.6354,18215.12,,,
639,2100,218676.7683,63491.5,,,
640,2101,188323.8612,116036.75,,,
641,2102,168690.0723,119319.12,,,
642,2103,165088.7468,102538.5,,,
643,2104,191435.0079,139064.25,,,
644,2105,168864.4047,133169.5,,,
645,2106,176041.8824,45164.12,,,
646,2107,215911.6744,213981,,,
647,2108,167388.2386,117115.5,,,
648,2109,163854.7868,114521.25,,,
649,2110,163299.478,100037.62,,,
650,2111,178298.2146,133217.88,,,
651,2112,176376.5862,156997.25,,,
652,2113,170211.044,135847.25,,,
653,2114,170818.3448,115046.62,,,
654,2115,174388.8674,181650.62,,,
655,2116,161112.9874,120487.25,,,
656,2117,172179.0823,157340.62,,,
657,2118,157798.3097,140704.25,,,
658,2119,169106.1514,110407,,,
659,2120,170129.5314,112771.38,,,
660,2121,157680.2274,8.40351E+14,,,
661,2122,162690.2091,119999.25,,,
662,2123,146968.3794,89071.75,,,
663,2124,181507.7214,183414.12,,,
664,2125,191215.5898,133873.25,,,
665,2126,189432.6898,184340.25,,,
666,2127,207271.485,-2.02096E+15,,,
667,2128,170030.8075,123826.75,,,
668,2129,148409.8065,94862.5,,,
669,2130,193850.614,139293.5,,,
670,2131,193808.3193,160476.38,,,
671,2132,166300.2354,103435.5,,,
672,2133,163474.6334,129803.25,,,
673,2134,177473.6066,113490,,,
674,2135,157443.9255,89339.75,,,
675,2136,180681.008,64306.5,,,
676,2137,183463.1703,104319.38,,,
677,2138,182481.7631,122000.25,,,
678,2139,193717.1512,147016.75,,,
679,2140,182782.551,140768.88,,,
680,2141,175530.6516,169759.62,,,
681,2142,177804.0579,141032.12,,,
682,2143,159448.6708,158946.75,,,
683,2144,181338.9767,132896.75,,,
684,2145,178553.5585,138703.75,,,
685,2146,162820.9283,174112.75,,,
686,2147,188832.48,146836.38,,,
687,2148,164682.1859,111502.38,,,
688,2149,181549.7359,117617.12,,,
689,2150,199158.097,242747.75,,,
690,2151,152889.521,129579.75,,,
691,2152,181150.5517,194495.25,,,
692,2153,181416.7324,162523.62,,,
693,2154,164391.2382,77331.25,,,
694,2155,185421.0465,130326.62,,,
695,2156,193981.3276,273311.62,,,
696,2157,178824.3248,216863.25,,,
697,2158,209270.0516,260231.25,,,
698,2159,177801.2668,224221.75,,,
699,2160,179053.7622,176950.75,,,
700,2161,178762.1706,234094.25,,,
701,2162,184655.3005,374715.88,,,
702,2163,191284.6558,335248.25,,,
703,2164,179598.0858,262319.75,,,
704,2165,167517.6281,199523.75,,,
705,2166,182873.9038,152339.25,,,
706,2167,177484.9137,230263.25,,,
707,2168,188444.5973,178537.25,,,
708,2169,179184.1538,203453.25,,,
709,2170,184365.1758,218473,,,
710,2171,184479.322,156018.75,,,
711,2172,182927.8639,143575.25,,,
712,2173,178611.6394,175024.75,,,
713,2174,181943.3436,227863.25,,,
714,2175,175080.6148,262770.25,,,
715,2176,190720.7946,319506.25,,,
716,2177,198422.8681,257598.75,,,
717,2178,184482.1131,209377.75,,,
718,2179,139214.9522,126801.25,,,
719,2180,169233.1136,217352.88,,,
720,2181,180664.1187,212991.75,,,
721,2182,178818.7426,231525.25,,,
722,2183,180422.05,203365.25,,,
723,2184,178601.9365,108984.75,,,
724,2185,183083.1598,118886.38,,,
725,2186,173163.1015,1.11649E+15,,,
726,2187,185968.1612,151468.25,,,
727,2188,171226.0507,163380.62,,,
728,2189,281643.9761,299383,,,
729,2190,160031.7113,90487,,,
730,2191,162775.9798,54446.5,,,
731,2192,160735.446,71795.25,,,
732,2193,166646.109,118355.38,,,
733,2194,188384.5484,87311.25,,,
734,2195,165830.6973,94843.62,,,
735,2196,182138.3585,97097.38,,,
736,2197,171595.398,128567.5,,,
737,2198,160337.0792,149055.75,,,
738,2199,191215.0887,162114.38,,,
739,2200,166956.0932,145147.12,,,
740,2201,186581.8309,164827,,,
741,2202,176450.5486,199745.62,,,
742,2203,193743.1949,179379.75,,,
743,2204,198882.5661,207463.25,,,
744,2205,176385.1022,147217.25,,,
745,2206,162447.6393,151784.62,,,
746,2207,193782.5557,235118,,,
747,2208,183653.8909,265121.75,,,
748,2209,210578.6235,266250.62,,,
749,2210,158527.1641,127044.62,,,
750,2211,163081.0257,117886.12,,,
751,2212,174388.8674,131819.25,,,
752,2213,191905.8701,108717.25,,,
753,2214,174388.8674,135316.62,,,
754,2215,161642.7116,96798.75,,,
755,2216,186939.5072,186152.75,,,
756,2217,172482.1658,56291.38,,,
757,2218,159695.9998,-3.59996E+15,,,
758,2219,157230.3697,-3.59996E+15,,,
759,2220,179188.0899,27329.75,,,
760,2221,157972.8212,345360.25,,,
761,2222,156804.9514,305750.75,,,
762,2223,211491.9725,282767.75,,,
763,2224,186537.2462,206461.75,,,
764,2225,200468.1611,130564.88,,,
765,2226,182241.3404,177352.75,,,
766,2227,157342.2259,183577.75,,,
767,2228,182022.3871,291663.75,,,
768,2229,181244.5109,245430.25,,,
769,2230,178556.6716,152951.25,,,
770,2231,189547.1999,225117.25,,,
771,2232,187948.6517,186504.75,,,
772,2233,194107.2876,186687.75,,,
773,2234,183521.7104,243113.75,,,
774,2235,183682.1236,237465.25,,,
775,2236,178483.3531,247624.75,,,
776,2237,184003.8798,295028.75,,,
777,2238,171318.5903,199872.75,,,
778,2239,162039.7543,104915.38,,,
779,2240,154846.2522,154080.25,,,
780,2241,194822.3657,132703.62,,,
781,2242,169788.7388,120818.75,,,
782,2243,178891.5545,120530.75,,,
783,2244,152084.7724,101588.75,,,
784,2245,139169.8664,115195.12,,,
785,2246,192439.536,140538.88,,,
786,2247,161067.8598,111685.25,,,
787,2248,158762.6485,121214.12,,,
788,2249,175569.6904,115755.75,,,
789,2250,183659.795,119824.75,,,
790,2251,280618.1326,114835.25,,,
791,2252,180051.8092,187999.75,,,
792,2253,176519.1803,156601.25,,,
793,2254,179028.4292,179165.12,,,
794,2255,177161.5839,185106.88,,,
795,2256,180081.5088,174123.75,,,
796,2257,205895.2546,230748.75,,,
797,2258,183389.7813,157705.25,,,
798,2259,178543.6479,178530.25,,,
799,2260,194798.3205,159965.62,,,
800,2261,162845.6137,230852.25,,,
801,2262,148103.867,246371.25,,,
802,2263,201016.1711,397007.25,,,
803,2264,277936.1269,430943.75,,,
804,2265,249768.2798,140530.5,,,
805,2266,161596.0522,343738.75,,,
806,2267,158011.1149,381702.25,,,
807,2268,194089.6839,429796.25,,,
808,2269,181733.3369,160917,,,
809,2270,182852.3277,185827.25,,,
810,2271,189893.0031,217759.75,,,
811,2272,194650.211,242685.75,,,
812,2273,187904.4613,155975.62,,,
813,2274,171774.9256,187178.25,,,
814,2275,177998.6859,152616.75,,,
815,2276,175648.4843,189929.75,,,
816,2277,196918.0714,161228.75,,,
817,2278,184299.8381,148264.62,,,
818,2279,182379.8557,158684.75,,,
819,2280,184050.7258,87872.38,,,
820,2281,158296.976,149505.75,,,
821,2282,175053.3556,164173.75,,,
822,2283,162293.3761,109069.25,,,
823,2284,186328.88,140278.25,,,
824,2285,151422.1169,137412.75,,,
825,2286,181969.3587,121507.25,,,
826,2287,189122.677,396856.25,,,
827,2288,185645.4752,298695.75,,,
828,2289,182829.8981,348594.25,,,
829,2290,195848.7882,444661.75,,,
830,2291,198785.0596,361776.75,,,
831,2292,181676.1266,423362.75,,,
832,2293,194131.0127,475760.25,,,
833,2294,201416.0049,414347.25,,,
834,2295,185096.5772,448228.25,,,
835,2296,195158.9726,282794.75,,,
836,2297,184795.7837,405804.75,,,
837,2298,189168.2639,386478.75,,,
838,2299,216855.2601,363748.75,,,
839,2300,184946.6425,336948.75,,,
840,2301,189317.5128,340876.25,,,
841,2302,180803.2778,261749.25,,,
842,2303,175061.1859,260485.25,,,
843,2304,179074.8391,258779.25,,,
844,2305,145708.7643,211919.75,,,
845,2306,142398.0228,200906.25,,,
846,2307,161474.5349,205862.25,,,
847,2308,157025.9452,242760.25,,,
848,2309,163424.0378,306420.25,,,
849,2310,164692.7786,226954.25,,,
850,2311,152163.2444,204558.25,,,
851,2312,192383.2155,182349.25,,,
852,2313,182520.2303,171600.75,,,
853,2314,187254.5075,187513.75,,,
854,2315,176489.6597,179343.75,,,
855,2316,181520.4668,197650.75,,,
856,2317,186414.9782,201151.5,,,
857,2318,185197.7646,195525.25,,,
858,2319,178657.7941,192441.25,,,
859,2320,179731.198,185210.75,,,
860,2321,161748.2713,237021.75,,,
861,2322,158608.7491,199314.25,,,
862,2323,178807.3706,203703.75,,,
863,2324,184187.1588,169011.12,,,
864,2325,181686.104,211723.75,,,
865,2326,190311.0502,166326.25,,,
866,2327,192252.4964,208501.25,,,
867,2328,193954.8495,222785.25,,,
868,2329,181044.2016,195358.25,,,
869,2330,180258.1312,178890.25,,,
870,2331,199641.6573,356097.75,,,
871,2332,197530.7752,423181.75,,,
872,2333,191777.1969,333189.75,,,
873,2334,195779.543,292658.25,,,
874,2335,202112.0465,315039.25,,,
875,2336,192343.3481,331535.25,,,
876,2337,185191.3594,195921.25,,,
877,2338,186760.208,242306.25,,,
878,2339,177733.7819,219630.62,,,
879,2340,164430.3912,376224.25,,,
880,2341,185299.6016,200067.25,,,
881,2342,186414.0123,229581.25,,,
882,2343,176401.9211,225122.25,,,
883,2344,182381.3226,215143.12,,,
884,2345,176334.1847,224633.75,,,
885,2346,184901.7358,229610.75,,,
886,2347,180085.7669,208878.75,,,
887,2348,184901.7358,255861.25,,,
888,2349,183967.5615,204833.25,,,
889,2350,193046.3016,320772.25,,,
890,2351,168538.9695,287792.25,,,
891,2352,170157.842,250536.75,,,
892,2353,196559.7093,255080.75,,,
893,2354,177133.7094,164866.75,,,
894,2355,181553.2796,160870.25,,,
895,2356,185770.6066,148812.25,,,
896,2357,177017.5951,199237.25,,,
897,2358,184123.3585,210498.62,,,
898,2359,165970.3575,128502.12,,,
899,2360,158151.985,110395.25,,,
900,2361,177086.4764,140575.25,,,
901,2362,196373.8962,264047.25,,,
902,2363,172465.7071,159260.25,,,
903,2364,168590.7824,140481.38,,,
904,2365,158820.4742,199296.75,,,
905,2366,151611.3706,202213.25,,,
906,2367,152125.0286,232441.25,,,
907,2368,158404.0731,223699.75,,,
908,2369,160692.0786,223597.25,,,
909,2370,170175.2268,173241.25,,,
910,2371,169854.4366,176896.25,,,
911,2372,183410.7858,197566.38,,,
912,2373,180347.194,289337.25,,,
913,2374,178930.5284,333260.5,,,
914,2375,153346.2201,247812.75,,,
915,2376,182675.2043,283228.5,,,
916,2377,180770.6498,355126.25,,,
917,2378,188714.1481,151090.25,,,
918,2379,191393.6086,217005.25,,,
919,2380,174016.1575,114586.75,,,
920,2381,183189.6853,166542.75,,,
921,2382,183621.5088,193775.25,,,
922,2383,168991.2964,197379.25,,,
923,2384,185306.6507,230240.75,,,
924,2385,189030.6803,153351.88,,,
925,2386,179208.6657,134716.88,,,
926,2387,174901.4528,132853.25,,,
927,2388,168337.4065,94408.75,,,
928,2389,158234.9646,114206.62,,,
929,2390,179562.4534,158344.25,,,
930,2391,174176.3916,146448.62,,,
931,2392,173931.5318,102469.25,,,
932,2393,184111.7294,168972.12,,,
933,2394,179374.482,152937.62,,,
934,2395,207348.8119,223049.12,,,
935,2396,186983.4193,150222.12,,,
936,2397,206779.094,203490.25,,,
937,2398,177472.0747,116162.62,,,
938,2399,156727.9483,71849.38,,,
939,2400,157090.5685,64419.12,,,
940,2401,160387.0327,138296.62,,,
941,2402,172410.2801,135410.62,,,
942,2403,191603.3657,153637.25,,,
943,2404,182152.2072,144027.25,,,
944,2405,180161.6973,154987.25,,,
945,2406,169652.2353,132569.25,,,
946,2407,182503.5201,126160.25,,,
947,2408,179714.6307,112346.75,,,
948,2409,180282.5707,119161.25,,,
949,2410,192600.3381,197396.75,,,
950,2411,166115.4912,111348.12,,,
951,2412,186379.5535,152008.38,,,
952,2413,184361.9923,134200.25,,,
953,2414,186220.9655,186530.25,,,
954,2415,198176.4709,146025.25,,,
955,2416,168437.7765,132864.5,,,
956,2417,178003.5823,135484.62,,,
957,2418,179180.4692,131716.25,,,
958,2419,191930.5611,140020.25,,,
959,2420,175590.2662,131448.12,,,
960,2421,176713.1931,132066.12,,,
961,2422,180159.0909,100272.88,,,
962,2423,188090.1008,120120.5,,,
963,2424,186184.7177,165175.12,,,
964,2425,223055.5887,219364.12,,,
965,2426,158270.7531,120280.38,,,
966,2427,184733.1285,143921.5,,,
967,2428,199926.379,189073.12,,,
968,2429,175075.7852,100719,,,
969,2430,180917.9251,126090.75,,,
970,2431,182067.7606,104136.75,,,
971,2432,178238.6019,165193,,,
972,2433,173454.9446,148892.25,,,
973,2434,176821.9363,144230.12,,,
974,2435,183642.1913,180570.62,,,
975,2436,177254.5827,111462.75,,,
976,2437,168715.9501,83971.25,,,
977,2438,180096.9312,114593.25,,,
978,2439,160620.7282,78768.75,,,
979,2440,175286.5444,131109.25,,,
980,2441,153494.7833,81699.12,,,
981,2442,156407.6592,100695.25,,,
982,2443,162162.5252,134596.25,,,
983,2444,166809.8868,122793.12,,,
984,2445,172929.1564,89033,,,
985,2446,193514.3309,128374.38,,,
986,2447,181612.1416,176924.12,,,
987,2448,191745.3864,123578.38,,,
988,2449,171369.325,111119.5,,,
989,2450,184425.4706,168526.5,,,
990,2451,170563.2524,97344.62,,,
991,2452,184522.3692,208860.88,,,
992,2453,164968.9479,92346.5,,,
993,2454,157939.6216,106761.25,,,
994,2455,151520.3816,86615,,,
995,2456,176129.5087,154141.25,,,
996,2457,171112.979,153145,,,
997,2458,169762.0816,162596.12,,,
998,2459,162246.8289,112379.12,,,
999,2460,171339.3034,148052.25,,,
1000,2461,189034.7537,131999.12,,,
1001,2462,175758.8736,131769.38,,,
1002,2463,163351.7215,139066.25,,,
1003,2464,189806.5466,200651.12,,,
1004,2465,175370.9909,139147.25,,,
1005,2466,196895.5999,137428.62,,,
1006,2467,176905.918,117418.12,,,
1007,2468,176866.5572,104704.38,,,
1008,2469,163590.6772,119838.88,,,
1009,2470,212693.503,215327.75,,,
1010,2471,192686.9317,246138.25,,,
1011,2472,181578.685,197727.5,,,
1012,2473,166475.4576,123729,,,
1013,2474,185998.2552,93055.5,,,
1014,2475,185527.7149,222577.75,,,
1015,2476,159027.1182,118695.12,,,
1016,2477,181169.6549,114415.12,,,
1017,2478,176732.9153,163519.25,,,
1018,2479,191619.2946,112636.38,,,
1019,2480,189114.3038,154050.25,,,
1020,2481,180934.6353,125902.12,,,
1021,2482,164573.3722,97816.62,,,
1022,2483,173902.0113,112704.25,,,
1023,2484,165625.1277,124551.25,,,
1024,2485,179555.2196,122256.12,,,
1025,2486,196899.7207,170547.75,,,
1026,2487,207566.1247,205362.5,,,
1027,2488,163899.9811,168470.62,,,
1028,2489,189179.4282,165397.75,,,
1029,2490,193892.88,145947.75,,,
1030,2491,178980.8743,49819.75,,,
1031,2492,179749.8762,180038.12,,,
1032,2493,197999.675,150554.25,,,
1033,2494,203717.4703,135119.38,,,
1034,2495,185249.2612,67025,,,
1035,2496,201691.2083,231214.75,,,
1036,2497,181956.5483,162911.75,,,
1037,2498,171895.9363,118274.75,,,
1038,2499,187245.1684,84641.5,,,
1039,2500,157816.7746,128468.25,,,
1040,2501,191702.9126,151819.25,,,
1041,2502,198599.42,136221.75,,,
1042,2503,187193.3137,87861.88,,,
1043,2504,220514.994,180383.75,,,
1044,2505,181814.5276,234205.25,,,
1045,2506,183750.7554,252634.25,,,
1046,2507,183000.4317,278233.25,,,
1047,2508,185830.9719,248127.75,,,
1048,2509,185497.8723,225117.25,,,
1049,2510,179613.4377,219214.25,,,
1050,2511,164454.968,175465.25,,,
1051,2512,185127.2372,225641.25,,,
1052,2513,178750.6138,207148.62,,,
1053,2514,160927.6104,268803.75,,,
1054,2515,192562.8081,177235.25,,,
1055,2516,180990.2415,170389.25,,,
1056,2517,180064.9415,156427.25,,,
1057,2518,196070.9974,150688.12,,,
1058,2519,180352.919,268259.25,,,
1059,2520,183367.9538,228196.25,,,
1060,2521,176734.8415,187817.25,,,
1061,2522,180848.2208,220241.75,,,
1062,2523,187806.0594,114584.62,,,
1063,2524,180521.5264,147919.25,,,
1064,2525,181502.7545,1.11649E+15,,,
1065,2526,174525.8794,167281.12,,,
1066,2527,188927.9841,131034.12,,,
1067,2528,184728.8704,148845.5,,,
1068,2529,179857.9755,60785.25,,,
1069,2530,180962.8681,121452.25,,,
1070,2531,179194.0664,247551.25,,,
1071,2532,179591.7893,224262.25,,,
1072,2533,180638.4637,197575.75,,,
1073,2534,185846.2151,246489.75,,,
1074,2535,195174.0311,276909.75,,,
1075,2536,192474.5683,235033.25,,,
1076,2537,164200.5955,250843.25,,,
1077,2538,178403.0941,185774.75,,,
1078,2539,170774.8402,181809.25,,,
1079,2540,179879.9459,188994.25,,,
1080,2541,177668.1928,173078.25,,,
1081,2542,180174.3286,170515.75,,,
1082,2543,170643.3036,131300.62,,,
1083,2544,165448.0043,125960.38,,,
1084,2545,195531.7549,138309.5,,,
1085,2546,165314.1777,121617.12,,,
1086,2547,172532.7577,128286,,,
1087,2548,203310.2181,164432.25,,,
1088,2549,175090.0625,153783.25,,,
1089,2550,230841.3386,624528.25,,,
1090,2551,155225.1901,146342.25,,,
1091,2552,168322.3424,134300.25,,,
1092,2553,165956.2593,82051.5,,,
1093,2554,193956.8176,72438,,,
1094,2555,171070.3679,90728.25,,,
1095,2556,166285.2436,93431.12,,,
1096,2557,182875.8013,98986.5,,,
1097,2558,218108.5368,187991.5,,,
1098,2559,174378.7776,187973.12,,,
1099,2560,164731.3164,166471.25,,,
1100,2561,156969.6951,162436.12,,,
1101,2562,173388.8543,155354.25,,,
1102,2563,177559.6287,169695.38,,,
1103,2564,194297.7893,192991.62,,,
1104,2565,174894.5884,168569.75,,,
1105,2566,196544.1441,176374,,,
1106,2567,179036.1585,149815.12,,,
1107,2568,211423.9865,229694.25,,,
1108,2569,208156.3989,236623.25,,,
1109,2570,159233.9413,125473.12,,,
1110,2571,210820.1151,224423.75,,,
1111,2572,140196.1098,167786.75,,,
1112,2573,198678.4691,241336.12,,,
1113,2574,186818.6108,380814.25,,,
1114,2575,175044.7976,145798.12,,,
1115,2576,180031.1629,129916.5,,,
1116,2577,176889.1715,-2.02096E+15,,,
1117,2578,159638.8562,63454.75,,,
1118,2579,154287.2644,34532.25,,,
1119,2580,191885.6182,109528.5,,,
1120,2581,177503.3786,103759.38,,,
1121,2582,166548.3168,85892,,,
1122,2583,164475.1494,269726.25,,,
1123,2584,167484.7449,155140.62,,,
1124,2585,188683.1606,190308.75,,,
1125,2586,162243.3995,202086.25,,,
1126,2587,180807.2139,194976.75,,,
1127,2588,176279.0796,131262.75,,,
1128,2589,163438.9591,140245.75,,,
1129,2590,161495.5394,196329.75,,,
1130,2591,216032.3037,196767.62,,,
1131,2592,176632.1815,223325.25,,,
1132,2593,168743.0016,253621.75,,,
1133,2594,183810.1185,184491.75,,,
1134,2595,156794.3605,223639.75,,,
1135,2596,169136.4301,267404.75,,,
1136,2597,183203.3188,211940.75,,,
1137,2598,213252.9269,288561.25,,,
1138,2599,190550.3279,362432.25,,,
1139,2600,234707.2099,120380.38,,,
1140,2601,135751.3189,128994.75,,,
1141,2602,164228.4589,85318.75,,,
1142,2603,153219.437,95183.25,,,
1143,2604,164210.7465,94381.25,,,
1144,2605,163883.2291,83340.12,,,
1145,2606,154892.7763,137955.62,,,
1146,2607,197092.0873,181824.62,,,
1147,2608,228148.3764,152523.62,,,
1148,2609,178680.5875,139341.12,,,
1149,2610,165643.3412,108930.62,,,
1150,2611,222406.6427,124061.5,,,
1151,2612,184021.8436,143708.62,,,
1152,2613,170871.0949,110410.62,,,
1153,2614,189562.8737,114952.25,,,
1154,2615,170591.885,160148.25,,,
1155,2616,172934.3517,141789.75,,,
1156,2617,186425.0699,211312.75,,,
1157,2618,218648.1311,240406.88,,,
1158,2619,183035.6068,208472.75,,,
1159,2620,178378.9061,185536.75,,,
1160,2621,184516.7166,184956.75,,,
1161,2622,181419.5253,178289.25,,,
1162,2623,196858.9234,245236.75,,,
1163,2624,189228.7015,293166.25,,,
1164,2625,208973.3808,322947.75,,,
1165,2626,180269.869,167696.62,,,
1166,2627,159488.7137,192572.25,,,
1167,2628,191490.2995,498588.75,,,
1168,2629,228684.2451,519640.75,,,
1169,2630,201842.9987,413426.75,,,
1170,2631,209242.8229,464333.75,,,
1171,2632,202357.6226,420252.75,,,
1172,2633,168238.6122,327360.75,,,
1173,2634,202524.1247,433206.75,,,
1174,2635,170588.7719,143290.25,,,
1175,2636,198375.3151,172511.62,,,
1176,2637,170636.8279,203920.25,,,
1177,2638,181991.0795,272082.75,,,
1178,2639,183994.5425,189693.25,,,
1179,2640,182951.4822,147624.12,,,
1180,2641,174126.2972,105999.25,,,
1181,2642,170575.4967,170379.75,,,
1182,2643,175332.2399,111991.25,,,
1183,2644,167522.0615,114165.75,,,
1184,2645,168095.5837,108767.25,,,
1185,2646,154406.4156,98723.25,,,
1186,2647,170996.9733,100740.62,,,
1187,2648,159056.8902,143731.25,,,
1188,2649,181373.6165,153052.25,,,
1189,2650,152272.561,122828.75,,,
1190,2651,168664.3468,151658.25,,,
1191,2652,211007.0083,391621.75,,,
1192,2653,182909.515,264164.75,,,
1193,2654,203926.8294,296674.75,,,
1194,2655,179082.8254,403618.75,,,
1195,2656,206260.0998,327220.75,,,
1196,2657,181732.4434,366117.75,,,
1197,2658,189698.7407,337396.25,,,
1198,2659,203074.3468,343314.75,,,
1199,2660,201670.6344,372256.75,,,
1200,2661,173756.8126,368199.75,,,
1201,2662,181387.0764,388054.75,,,
1202,2663,184859.1553,268587.75,,,
1203,2664,158313.6157,306340.25,,,
1204,2665,151951.9554,320632.25,,,
1205,2666,162537.527,297927.75,,,
1206,2667,178998.3371,176894.25,,,
1207,2668,186732.5849,184941.25,,,
1208,2669,187323.3184,190845.25,,,
1209,2670,199437.2328,272986.75,,,
1210,2671,185546.6809,187549.25,,,
1211,2672,161595.0158,194486.25,,,
1212,2673,154672.4228,192861.75,,,
1213,2674,159355.7101,189137.75,,,
1214,2675,155919.0141,200037.25,,,
1215,2676,182424.871,191520.75,,,
1216,2677,178100.5896,210596.75,,,
1217,2678,202577.9,234774.75,,,
1218,2679,177862.7789,292980.75,,,
1219,2680,182056.0247,308175.75,,,
1220,2681,191403.1992,413557.25,,,
1221,2682,196264.755,338970.25,,,
1222,2683,209375.0034,480237.25,,,
1223,2684,196691.8193,344611.12,,,
1224,2685,192458.4315,339609.75,,,
1225,2686,182242.8093,240678.75,,,
1226,2687,183259.5039,288947.75,,,
1227,2688,188108.2437,215949.25,,,
1228,2689,171418.6402,224802.75,,,
1229,2690,194698.8822,370781.75,,,
1230,2691,174841.8401,204105.25,,,
1231,2692,172965.4765,174626.25,,,
1232,2693,189386.3237,212622.75,,,
1233,2694,185682.6183,144155.75,,,
1234,2695,176412.0127,200431.75,,,
1235,2696,174976.4897,187189.25,,,
1236,2697,180718.5817,195021.62,,,
1237,2698,186131.1882,206772,,,
1238,2699,165220.7864,162393.12,,,
1239,2700,164115.8938,146981.25,,,
1240,2701,182125.7291,149831.75,,,
1241,2702,182285.1402,111391.25,,,
1242,2703,196325.4422,118796.25,,,
1243,2704,164865.2153,143451.12,,,
1244,2705,182694.4922,121368.62,,,
1245,2706,185425.4855,94020.62,,,
1246,2707,171414.7041,99011.25,,,
1247,2708,183433.4725,134490.62,,,
1248,2709,176844.9812,112096.62,,,
1249,2710,180568.1878,126901.75,,,
1250,2711,185948.6255,369814.38,,,
1251,2712,189388.2917,427563.25,,,
1252,2713,142754.4892,164470.25,,,
1253,2714,156106.8008,147981.75,,,
1254,2715,155895.3976,178516.25,,,
1255,2716,159851.9777,128497.25,,,
1256,2717,185157.8323,189011.62,,,
1257,2718,180716.2917,220411.25,,,
1258,2719,176901.094,145682.62,,,
1259,2720,181017.2225,164952.25,,,
1260,2721,183269.1594,130556.25,,,
1261,2722,193550.8301,168348,,,
1262,2723,170625.8427,132531.38,,,
1263,2724,182012.4059,127488.25,,,
1264,2725,179162.5073,118228.25,,,
1265,2726,183269.1594,139706.75,,,
1266,2727,180589.8362,183159,,,
1267,2728,181465.9352,179191.75,,,
1268,2729,196053.0299,150349.75,,,
1269,2730,183421.0203,148950.62,,,
1270,2731,167926.8391,111174.62,,,
1271,2732,168027.531,134715.62,,,
1272,2733,182164.2669,152087.75,,,
1273,2734,172469.0716,121202.62,,,
1274,2735,181059.3743,138908.25,,,
1275,2736,182997.5701,134781.62,,,
1276,2737,166140.5042,120176.62,,,
1277,2738,198515.5469,136165.25,,,
1278,2739,193789.6485,155569.25,,,
1279,2740,173550.0257,131246.25,,,
1280,2741,176487.9432,157334.62,,,
1281,2742,188813.3026,152900.25,,,
1282,2743,178531.912,143088.62,,,
1283,2744,182145.7315,158036.75,,,
1284,2745,179196.465,139607.38,,,
1285,2746,169618.3499,139466.12,,,
1286,2747,170010.1687,144362.75,,,
1287,2748,181739.6717,109536.62,,,
1288,2749,172846.935,118288.75,,,
1289,2750,195560.883,112930.38,,,
1290,2751,180358.1143,123330.75,,,
1291,2752,211817.7028,237551.5,,,
1292,2753,176170.1287,159756.5,,,
1293,2754,234492.2483,224824.5,,,
1294,2755,182450.9565,143675.25,,,
1295,2756,174902.0681,82023.75,,,
1296,2757,173684.1743,58208.25,,,
1297,2758,147196.6737,70191.5,,,
1298,2759,175231.1897,190892.25,,,
1299,2760,193417.6474,147583.25,,,
1300,2761,183313.6012,137363.75,,,
1301,2762,180882.2508,143804.25,,,
1302,2763,186735.698,172222.25,,,
1303,2764,172922.8654,138514.75,,,
1304,2765,202551.6772,270289.25,,,
1305,2766,190485.6341,127286,,,
1306,2767,173439.4936,84042,,,
1307,2768,196613.5988,135759.25,,,
1308,2769,178152.2597,153858.25,,,
1309,2770,174519.9048,123555.25,,,
1310,2771,172627.7969,97386.12,,,
1311,2772,173732.6895,95025.25,,,
1312,2773,209219.8448,187055.25,,,
1313,2774,181059.3743,163025.25,,,
1314,2775,188515.443,118529.75,,,
1315,2776,182164.2669,146736.25,,,
1316,2777,188137.9016,167959.25,,,
1317,2778,158893.5431,91230.12,,,
1318,2779,189579.6507,135633.25,,,
1319,2780,165229.8035,94119.25,,,
1320,2781,162186.0712,75326.5,,,
1321,2782,166374.8799,94230.88,,,
1322,2783,161665.185,94878.5,,,
1323,2784,175079.3288,122657.25,,,
1324,2785,203840.874,144880.12,,,
1325,2786,152129.0789,46336.25,,,
1326,2787,181012.1414,122078.38,,,
1327,2788,161305.535,69888.25,,,
1328,2789,203326.393,185562,,,
1329,2790,168385.5711,69448.5,,,
1330,2791,183564.3652,115140.75,,,
1331,2792,163784.6194,48382.88,,,
1332,2793,171989.1922,138591.38,,,
1333,2794,180839.9562,102839.38,,,
1334,2795,170895.9232,127452,,,
1335,2796,174071.0548,104336.75,,,
1336,2797,259423.8591,256638.25,,,
1337,2798,188000.8247,91200.62,,,
1338,2799,179171.7036,112966.38,,,
1339,2800,171022.2414,71229.62,,,
1340,2801,174126.2972,110456.12,,,
1341,2802,187625.5733,135872.62,,,
1342,2803,199567.9464,189801.25,,,
1343,2804,205328.0782,122971,,,
1344,2805,166231.535,89199.25,,,
1345,2806,154743.9161,85014.25,,,
1346,2807,159714.537,151467.25,,,
1347,2808,185563.0691,152292.75,,,
1348,2809,171500.7967,126121.88,,,
1349,2810,180983.4438,126900.25,,,
1350,2811,183141.2369,163100.62,,,
1351,2812,178498.6345,178620.62,,,
1352,2813,224323.7105,179314.75,,,
1353,2814,218200.6421,181440.25,,,
1354,2815,182283.1778,96622.75,,,
1355,2816,190054.6392,223259.75,,,
1356,2817,160192.4539,148540.75,,,
1357,2818,171289.3936,124031.12,,,
1358,2819,151131.0987,162315.75,,,
1359,2820,181721.4582,140225.25,,,
1360,2821,172725.0539,96694.12,,,
1361,2822,222438.6991,151592.25,,,
1362,2823,235419.3734,343597.25,,,
1363,2824,185150.926,190236.62,,,
1364,2825,184772.2396,138801.25,,,
1365,2826,180658.2164,136307.75,,,
1366,2827,209673.3166,139110.5,,,
1367,2828,205939.8106,261363.25,,,
1368,2829,165633.5733,173615.75,,,
1369,2830,186030.3172,235627.25,,,
1370,2831,160312.3196,182643.38,,,
1371,2832,190702.4403,239167.75,,,
1372,2833,175122.8103,323623.25,,,
1373,2834,183783.1394,240294.75,,,
1374,2835,178290.6663,250344.75,,,
1375,2836,181605.344,191577.25,,,
1376,2837,187992.4514,139511.5,,,
1377,2838,188885.1178,149108.25,,,
1378,2839,189959.3448,140823.25,,,
1379,2840,179258.6192,215488.25,,,
1380,2841,181518.7503,205097.25,,,
1381,2842,193008.6592,220793.75,,,
1382,2843,186313.8939,156686.75,,,
1383,2844,181499.3919,170205,,,
1384,2845,174126.2972,125679.12,,,
1385,2846,183918.6121,213163.75,,,
1386,2847,184114.2709,231042.25,,,
1387,2848,158540.9478,204853.75,,,
1388,2849,197034.7591,201469.75,,,
1389,2850,185170.2845,266317.75,,,
1390,2851,221134.5336,210361.75,,,
1391,2852,184306.6376,233127.25,,,
1392,2853,199792.3027,232955.25,,,
1393,2854,143237.8036,132851.75,,,
1394,2855,177294.8389,198197.25,,,
1395,2856,182368.6209,207434.75,,,
1396,2857,176487.9432,191041.25,,,
1397,2858,183849.4088,202573.25,,,
1398,2859,184964.1415,101384.5,,,
1399,2860,196395.9696,135839.75,,,
1400,2861,188374.9367,126384.88,,,
1401,2862,176261.2968,170265.25,,,
1402,2863,163628.1422,150785.5,,,
1403,2864,180618.0326,260752.62,,,
1404,2865,161647.3298,146530.75,,,
1405,2866,167129.5989,131376.25,,,
1406,2867,174750.9884,91179.25,,,
1407,2868,177560.2021,102968.38,,,
1408,2869,192577.7961,96733,,,
1409,2870,199202.899,102525.25,,,
1410,2871,182818.1567,94681.75,,,
1411,2872,148217.2625,32500.12,,,
1412,2873,188997.7971,76454.25,,,
1413,2874,185807.9289,139145.88,,,
1414,2875,177030.4778,109594.88,,,
1415,2876,175942.4746,153041.12,,,
1416,2877,172912.5186,154015.25,,,
1417,2878,198359.2489,156814.38,,,
1418,2879,184379.133,141221.25,,,
1419,2880,194255.5669,120865.25,,,
1420,2881,209449.6516,137460.12,,,
1421,2882,169979.324,201569.75,,,
1422,2883,188206.2819,220046.25,,,
1423,2884,186412.4386,184637.62,,,
1424,2885,196761.3864,186107.38,,,
1425,2886,208353.2696,267647.75,,,
1426,2887,166548.0672,110269,,,
1427,2888,175942.4746,152275.12,,,
1428,2889,166790.4579,51779.88,,,
1429,2890,160515.8506,72987.38,,,
1430,2891,192167.6211,163856.25,,,
1431,2892,178751.5511,-11746.38,,,
1432,2893,198678.8941,41119.38,,,
1433,2894,164553.1203,20518.5,,,
1434,2895,156887.9329,330844.25,,,
1435,2896,164185.7773,287180.75,,,
1436,2897,212992.1206,219461.75,,,
1437,2898,197468.5505,126256.25,,,
1438,2899,180106.8437,212781.25,,,
1439,2900,183972.0711,154866.75,,,
1440,2901,245283.1983,221413.75,,,
1441,2902,170351.9634,179447.75,,,
1442,2903,195596.3077,314598.25,,,
1443,2904,189369.7563,346788.25,,,
1444,2905,223667.4046,-8.40351E+14,,,
1445,2906,169335.3106,194594.75,,,
1446,2907,167411.0284,96530.75,,,
1447,2908,187709.555,116956.25,,,
1448,2909,196526.003,133912.25,,,
1449,2910,137402.5699,69243.25,,,
1450,2911,165086.7751,83343.25,,,
1451,2912,188506.4314,139678.25,,,
1452,2913,172917.4568,82186.88,,,
1453,2914,166274.3252,66318.62,,,
1454,2915,167081.2209,74085.25,,,
1455,2916,164788.7782,86918.88,,,
1456,2917,219222.4234,153567.38,,,
1457,2918,184924.2797,121668.88,,,
1458,2919,187741.8667,214233,,,
